{
  "fft": {
    "cpu_ms": 109.24811999720987,
    "gpu_ms": 0.5568399996263906,
    "speedup": 196.19301786960244,
    "throughput_msps": 1883.0831131088598
  },
  "convolution": {
    "cpu_ms": 172.37857999571133,
    "gpu_ms": 5.11894999362994,
    "speedup": 33.67459737059759,
    "throughput_msps": 204.84200886995495
  },
  "pulse_compress": {
    "cpu_ms": 309.59836000110954,
    "gpu_ms": 2.5156900024740025,
    "speedup": 123.06697554016652,
    "throughput_msps": 416.8144719614897
  }
}